<?xml version="1.0" encoding="UTF-8"?>
<project-private xmlns="http://www.netbeans.org/ns/project-private/1">
    <editor-bookmarks xmlns="http://www.netbeans.org/ns/editor-bookmarks/2" lastBookmarkId="0"/>
    <open-files xmlns="http://www.netbeans.org/ns/projectui-open-files/2">
        <group>
            <file>file:/C:/Users/burbano444/Documents/NetBeansProjects/Concesionario2/web/listas.jsp</file>
            <file>file:/C:/Users/burbano444/Documents/NetBeansProjects/Concesionario2/web/ventas.html</file>
            <file>file:/C:/Users/burbano444/Documents/NetBeansProjects/Concesionario2/web/ventas.jsp</file>
            <file>file:/C:/Users/burbano444/Documents/NetBeansProjects/Concesionario2/web/index.jsp</file>
            <file>file:/C:/Users/burbano444/Documents/NetBeansProjects/Concesionario2/web/index.html</file>
            <file>file:/C:/Users/burbano444/Documents/NetBeansProjects/Concesionario2/web/listas.html</file>
        </group>
    </open-files>
</project-private>
